"tip","mean","median","sd","CI_low","CI_high"
"358",-1.66743671826662,-1.63626811176187,0.852646732992588,-3.35760441095016,-0.0115013886923531
"423",-1.54564861673711,-1.53189134633105,0.799051646374201,-3.12711939370412,0.010368111015175
"480",-1.54306209264286,-1.53003649411035,0.798999020013153,-3.13656782606226,0.00303734427264771
"247",-1.53070930965233,-1.51648442425333,0.799494869197739,-3.15736239204011,-0.0100529691958289
"214",-1.50947489723934,-1.4964178905669,0.802254143538942,-3.08364638059648,0.0743796762392701
"41",-1.47413557292694,-1.45002613720974,0.881998761397161,-3.22618912942241,0.222360690486712
"237",-1.45580767343488,-1.43827144099032,0.772758304751084,-3.00431211898062,0.0347801959861561
"200",-1.45535512712601,-1.43889790254652,0.773352827106142,-2.98758097627767,0.0552843906195495
"493",-1.44249652126904,-1.41977881868452,0.889723807548432,-3.17005277150547,0.323191046042287
"197",-1.40784731329173,-1.38824701859285,0.835618621278161,-3.06887615637588,0.206860774286685
"421",-1.36688183490586,-1.34795913601165,0.80016712254849,-2.96273601643034,0.190060341256965
"59",-1.36361184634647,-1.33409611752283,0.867945538954025,-3.0653610497935,0.326793729303441
"287",-1.36355264211175,-1.33296249717241,0.867601029937863,-3.07712115882869,0.312120685930983
"22",-1.35409779631275,-1.31528972168354,1.26876797295513,-3.89205924368479,1.14660578100183
"433",-1.34684928756462,-1.3073497265742,1.27002897249408,-3.9160178183021,1.13019378762555
"477",-1.20476579423155,-1.19375626390548,0.791588914949752,-2.78913859434994,0.354355819256263
"537",-1.20280180590653,-1.19165027573647,0.791745384509066,-2.80446745770172,0.337418728804384
"518",-1.20275975464571,-1.19230418958097,0.791456512061275,-2.78571310636522,0.349305718091698
"344",-1.18669583189677,-1.16062069484999,1.24432466293362,-3.73576590046827,1.20795784287959
"446",-1.18628901825376,-1.15975250480976,1.24302533351409,-3.65299068817626,1.28071829035851
"406",-1.18536486864001,-1.1591595789834,1.24805541346926,-3.67817322890156,1.26893539468395
"250",-1.17081052403602,-1.11038880754967,1.13876372008164,-3.50792198479528,0.944853060507576
"267",-1.14127907202431,-1.13487194985507,0.799950836318528,-2.76008044299556,0.397215914979026
"131",-1.11871035070386,-1.08541642791178,0.873280366352561,-2.83529217783606,0.5796297860952
"522",-1.10429075312499,-1.10064165540526,0.806570832701593,-2.71053040470378,0.477382614957914
"430",-1.02688863693993,-1.00760658806899,1.29973067319536,-3.59380917387387,1.57520327001187
"286",-0.986653161178044,-0.960352385271764,1.23588493929221,-3.51467764908451,1.40904772052781
"536",-0.96421930267111,-0.968960183516485,0.781119875738035,-2.4949489510672,0.596117743192976
"260",-0.963303127086374,-0.967998052327837,0.780674577949245,-2.53817479209079,0.547135122990954
"396",-0.891423475600775,-0.8749003008569,1.096397491164,-3.04853579163101,1.2819157751304
"198",-0.889085733024698,-0.875949471728384,1.09685520613706,-3.0258502665354,1.31374110850161
"6",-0.834318303696686,-0.81289571258371,0.86703288373873,-2.61036860838256,0.800041025570749
"456",-0.834138568344225,-0.817247608643052,1.2178520458423,-3.26498827435324,1.56838532936059
"55",-0.827378585207495,-0.837891301422945,0.782546424200964,-2.38623761504955,0.698825879742149
"139",-0.81818591208329,-0.801476604117625,1.18806389632252,-3.22161705957112,1.47733897983262
"322",-0.815205093855715,-0.797708537796601,1.28981638823447,-3.42600570495683,1.67952969800585
"71",-0.80914102830755,-0.784415960208527,0.90245315971176,-2.59752344049552,0.96208032485353
"533",-0.80245834021557,-0.792861412919476,1.24814296695743,-3.33447295330909,1.64551258265821
"524",-0.802393300335832,-0.789805653594899,1.24805524234095,-3.31156096440538,1.65239642159872
"277",-0.794409499931639,-0.77740263307295,1.2852554925714,-3.37228763135862,1.71382794048368
"245",-0.784046015065028,-0.768305724291601,1.29999904589752,-3.41852279299753,1.74619261491477
"333",-0.777755290580462,-0.760968882976382,1.29105183651467,-3.38586427250734,1.74421131868291
"482",-0.75578763317841,-0.741174327906642,1.33362608899344,-3.41644880668499,1.87168745063112
"288",-0.732746307937279,-0.724205142870823,1.33398275054337,-3.37242077522847,1.95515287886925
"500",-0.727015372296398,-0.719846177197316,1.31285223379168,-3.33227415468492,1.881852132817
"475",-0.720674505252955,-0.715865806221241,1.21072383521839,-3.15927715802149,1.62845733104425
"143",-0.719822546590654,-0.717114892851282,1.21015605879234,-3.13748844864315,1.67239674166042
"170",-0.71534647444417,-0.70825926909488,1.27483241907302,-3.27029082468743,1.79349180230512
"342",-0.714526399883867,-0.709419293990096,1.21067778244203,-3.1137122158639,1.6806748707922
"39",-0.713598297100885,-0.706052179585047,1.22432434415257,-3.13863120392942,1.73543891851776
"76",-0.713277759442529,-0.701920644797814,1.30532916264698,-3.37932885808896,1.8173567937366
"61",-0.710500659970217,-0.682664482387979,0.755735480645805,-2.21301755814487,0.748555058660172
"299",-0.702508689900652,-0.674865922931191,0.752571388144873,-2.19893901864801,0.758324422418951
"265",-0.692638711471587,-0.671235801970855,1.38886473515255,-3.48355138004531,2.04825105239536
"132",-0.690567566823723,-0.687788752198741,1.22058611499942,-3.14702442496372,1.7007784912302
"94",-0.669757554265592,-0.671919708929415,1.13433976099515,-2.90088453206378,1.62088695076265
"34",-0.669288649545023,-0.672548177741343,1.13444288457888,-2.94982553354382,1.56872063332278
"21",-0.648697581746152,-0.60876073713073,0.83193137924533,-2.31546557737023,0.96562642326211
"40",-0.644186415877579,-0.643510584398971,0.999733845161444,-2.59246217585341,1.37225154141553
"507",-0.617028693601107,-0.619093094494607,1.21546007767761,-3.03249941177317,1.79338312969245
"264",-0.606561817771923,-0.611574925656622,1.21651748855773,-3.04795598412882,1.79042492026505
"25",-0.568205333489455,-0.548784811101224,0.795733291746556,-2.18646020484884,0.952767272991663
"179",-0.566147299530978,-0.547276731879229,0.796091212866347,-2.17487436303873,0.958100584441098
"340",-0.554569164538071,-0.538913757928656,0.794712873268779,-2.115786373033,1.01137563248474
"517",-0.540369766938572,-0.546515222364607,1.2145500544611,-2.92621207115171,1.89164932522374
"69",-0.505990928021271,-0.488090666569338,0.808897580009807,-2.11388486560151,1.08604411174434
"257",-0.483179921773964,-0.455653604726407,0.823867057927752,-2.19236849669518,1.06090020049131
"513",-0.463732787230022,-0.450063513692043,0.818397296218697,-2.1296343743954,1.10225670180893
"422",-0.459195658095056,-0.43978610732112,0.856591315389432,-2.18627924017825,1.18649303880523
"471",-0.418300113901891,-0.433001765740289,1.21633757876143,-2.7997709421955,2.03725395692524
"401",-0.400869540393764,-0.378155907670697,0.668541025402197,-1.74886586076772,0.885945686426199
"270",-0.39436755581514,-0.401051366958952,1.44278917291535,-3.31899884332165,2.44093212981464
"485",-0.378732552165949,-0.363986828847178,0.862560012737703,-2.1133752243265,1.28800482234524
"38",-0.378472194870167,-0.365580097529901,0.862386060734626,-2.09915174470784,1.29512024242636
"103",-0.369670773883654,-0.357420932898517,0.735214789293501,-1.84809387673103,1.04972050129224
"248",-0.363635463528073,-0.369099652223653,1.06652059921692,-2.43439965231169,1.76967413215961
"149",-0.328510067076966,-0.317226272485829,0.773119277967183,-1.86324057994905,1.20411111101065
"429",-0.328348960307318,-0.34417414517063,1.4180479592671,-3.17215148694907,2.47394441462755
"222",-0.298434517704234,-0.284428052464354,0.670838946866298,-1.64474597074834,1.01963930427897
"151",-0.297541644414788,-0.277342017532804,0.7760327540604,-1.85178662644209,1.20543743860507
"339",-0.27468429802062,-0.266312627526221,0.774155759412172,-1.82818846225259,1.23844504346825
"455",-0.264029899051447,-0.254092943446384,0.798611693344726,-1.83469038438841,1.33090416773033
"459",-0.260683915586155,-0.247915492080667,0.566895860382521,-1.43379054057442,0.817090681379046
"463",-0.260282513616814,-0.248539985713005,0.565858837208018,-1.43900599477332,0.805635234427584
"528",-0.254858398945379,-0.239371562985956,0.588469248031254,-1.43995665813368,0.895336681936276
"295",-0.250813328347833,-0.239417071358658,0.570647661723287,-1.36842812480299,0.889387597648359
"481",-0.248474655730307,-0.235284381301185,0.589145083934777,-1.43210011726715,0.901590488780394
"28",-0.246549446158985,-0.227036301281806,0.709296200888441,-1.64891307329355,1.16710225805837
"445",-0.2455462531083,-0.237552780074706,0.781060573268325,-1.82738999218382,1.25695840484939
"417",-0.241586202022763,-0.231302478326768,0.818292351180685,-1.89098206702714,1.35790188570854
"402",-0.240935265144879,-0.232342943944911,0.81750878543222,-1.8653236833104,1.37570996622992
"373",-0.240561845462695,-0.235611552808321,0.818238530049293,-1.91262563866822,1.33755225018136
"332",-0.238556548891766,-0.233977647757807,0.818935790153769,-1.84925627007584,1.4049762528102
"140",-0.238009691185564,-0.231630391303961,0.516912797655699,-1.26979096119651,0.775929613845275
"502",-0.236431705099042,-0.230257118327968,0.516496219111821,-1.26091473345452,0.781011860068578
"389",-0.235454065950811,-0.226032662519679,0.799925857179376,-1.85205347054473,1.32168032092383
"79",-0.234976038445331,-0.220361628831958,0.591986419385479,-1.42750942746935,0.913187996023286
"123",-0.23370279447728,-0.227917957397927,0.519734499214968,-1.29112306053811,0.759785141367961
"18",-0.230693595937304,-0.224353884590626,0.519100408436643,-1.26960312783687,0.785977866404659
"52",-0.230556469614841,-0.225268490636575,0.821799094719751,-1.85169329833885,1.41456439993852
"503",-0.229595683046395,-0.223014201815848,0.515684982923886,-1.26163329386728,0.785030380048995
"494",-0.229108458877113,-0.220916116482737,0.821090066352133,-1.86434866548152,1.41283976965012
"341",-0.229028376493373,-0.220571558265423,0.517865702320715,-1.27199166472496,0.774422839680838
"44",-0.228241553784451,-0.220869524774347,0.520506016077311,-1.25180631491749,0.803215345165307
"243",-0.227925986950217,-0.213588518289551,0.665611225615986,-1.56524434554423,1.0824862588254
"472",-0.227008874749461,-0.216702421298711,0.822196920894256,-1.87611248348605,1.38247529961486
"478",-0.226873217722272,-0.219879889844567,0.518341015056366,-1.26207568170819,0.786125988267442
"498",-0.226552647100473,-0.213695345584998,0.819314173612021,-1.85554909351155,1.39531184030997
"1",-0.225666289738967,-0.227570357899654,1.13918162221217,-2.47705612340676,2.02009239697848
"302",-0.222807515028623,-0.21546376882608,0.825220860387926,-1.86297835491688,1.41893408102349
"204",-0.2212684066196,-0.215479281587431,0.527192092366649,-1.25036269171236,0.821897284036795
"64",-0.21789725960876,-0.207936502013051,0.543913794377315,-1.28276348340839,0.865665353003276
"124",-0.217179551324877,-0.210369028543305,0.541920794210024,-1.30186365359443,0.851054729118124
"238",-0.217146948326191,-0.212137556874615,0.52462627425142,-1.26536272316901,0.802025818479074
"479",-0.216512499032602,-0.207429282451847,0.616876213092473,-1.47323774252525,0.969864466123602
"219",-0.214074043485327,-0.208393563490699,0.542217092560406,-1.30530365330399,0.84312412969781
"345",-0.212049344040821,-0.203687199210565,0.616428434843558,-1.46634318451101,0.976019397347627
"178",-0.210613280100385,-0.203075230038955,0.603768948717471,-1.41145752460899,0.981882848640029
"122",-0.185558743416972,-0.170230467740144,0.469552010720853,-1.12927019767499,0.72550197081775
"314",-0.177299253073663,-0.173580538152163,0.548646550683123,-1.27976951673558,0.892332682752973
"464",-0.177113352679541,-0.177804169738032,0.741521607270064,-1.63419304529749,1.30176637409663
"410",-0.170046101734942,-0.186045743569862,1.32236359142135,-2.76621204923485,2.48634916606315
"443",-0.152326632316927,-0.152129534678339,0.515511148631581,-1.18848304366807,0.864101001897443
"109",-0.151847983384351,-0.161663578711885,1.48310692855159,-3.08732412342013,2.80851856128844
"544",-0.151493618886791,-0.148604713433226,0.521318194931715,-1.18095681218383,0.884209142224627
"242",-0.151401823407116,-0.144322395628571,0.824942498357726,-1.79734217364131,1.46381073664392
"208",-0.143565189109747,-0.140339493072974,0.737811500432687,-1.58606792923316,1.32759590856242
"305",-0.13461168035659,-0.119210843809488,1.03393993815842,-2.20703426542443,1.90666487746388
"241",-0.126764016720414,-0.121877902189347,0.905334934047745,-1.92782842552422,1.66640418478999
"510",-0.12349977324563,-0.121867299375202,0.537476514853983,-1.18190170682404,0.94660347065554
"53",-0.122842815330199,-0.134434069242714,1.05459617035816,-2.22859353210705,1.94841509967953
"240",-0.122788918907436,-0.123425925041492,0.90108232780103,-1.92956887488877,1.64722434406617
"157",-0.121646750339873,-0.132442704540805,1.05437988019217,-2.15571507738015,2.01350454082051
"268",-0.121523933568921,-0.132950787806229,1.05503548361516,-2.18841417021295,1.97729289591306
"166",-0.12117331172299,-0.12070250500643,0.902749994661087,-1.89357144817821,1.69366725744653
"515",-0.120987132403636,-0.118401197411246,0.906234461050271,-1.92571019211692,1.66414403256719
"385",-0.120983166522821,-0.131104841161407,1.05471189306173,-2.2139199458396,1.95865538888604
"353",-0.119681533897166,-0.128586786562077,1.04977651865936,-2.19318766981954,1.95394367419056
"182",-0.118641268676245,-0.116105311351714,0.904575243688669,-1.89617292598245,1.68517199737923
"282",-0.117283878040135,-0.112004145818214,0.906561513283292,-1.97434044203234,1.61955741323314
"211",-0.107355841650337,-0.117419773134589,1.04801949780808,-2.16785997909219,1.97817002686138
"58",-0.0924147658788015,-0.0786573338955906,1.26738913266697,-2.65019447946205,2.38818974759887
"105",-0.0908637136853546,-0.0830387762684574,0.468339573804406,-1.01633364276261,0.854650316400059
"203",-0.0897646054783349,-0.0835069200181858,1.02423641479414,-2.15771210640409,1.8985339267809
"60",-0.0882630927842184,-0.0918856825242437,0.911274851552765,-1.91183521728123,1.69397663716575
"97",-0.0822929262950543,-0.0839193129311521,0.733406435930519,-1.53636162196096,1.36351774040344
"387",-0.078294487218638,-0.0598611237267677,1.27186826691366,-2.64815944401301,2.4108418761927
"535",-0.0772167463474452,-0.0682248488463007,0.487292471545841,-1.06341461987637,0.874098344807638
"294",-0.0758871517438192,-0.0706410306275122,0.466073094384299,-1.00912838910552,0.849912858918191
"511",-0.0683058397148386,-0.0967452940709527,1.32700826731143,-2.62290982180356,2.63851813874403
"87",-0.0653216187319383,-0.0587347094920106,0.4834097237384,-1.03321960514991,0.895808400962057
"532",-0.0650304542385474,-0.0661087735788454,0.91201845454427,-1.9043214240023,1.71027154053124
"434",-0.0566671751858548,-0.0509040061607759,0.653485902455031,-1.35390018389954,1.23146713185681
"80",-0.0556373788962775,-0.0533492917026133,0.815300093173224,-1.65752238834256,1.56226401642198
"371",-0.0510985794988905,-0.0455718158854894,0.653289568288254,-1.35136381057722,1.22985253403968
"194",-0.0509174257339618,-0.0446184558134617,0.653732661153946,-1.35035941936617,1.22972138154693
"127",-0.0462349004512349,-0.0414663831769125,0.653655476633235,-1.36577640558188,1.21572485749562
"514",-0.0429484288216462,-0.0469867094415815,0.929417653766852,-1.91242051823299,1.77454040707438
"525",-0.0421716642592826,-0.0454302472239343,0.929002087194894,-1.82955128825673,1.85170341866893
"11",-0.0400375340155583,-0.0434221843796601,0.915972414059477,-1.87345283228451,1.76297561033318
"315",-0.0361979703811256,-0.0381432184814211,0.940873705290614,-1.90932325583991,1.81460997559995
"461",-0.0358118831237456,-0.0332581962767826,0.485055131985028,-1.02863924730776,0.907405853365126
"529",-0.0326354804307027,-0.0361898980898961,0.925153438101478,-1.86805388662548,1.79964152147818
"420",-0.0302692226307544,-0.0335909239557781,0.746074028515342,-1.51162464445937,1.43895020102775
"279",-0.0250903505222285,-0.0207153773249038,0.949132568889667,-1.90677192428568,1.85872845919931
"162",-0.0241234318833452,-0.02978744045674,0.914547613302371,-1.8305933925858,1.7923056479258
"115",-0.0228025969318347,-0.0170383342264839,1.00711025126639,-2.02223396190483,1.96702840253953
"30",-0.0190935818364843,-0.0156949860151617,0.737486956689548,-1.46426523971239,1.44455093581743
"474",-0.0139595714605986,-0.0127721465904184,0.546807015395585,-1.08389815919352,1.07594928122551
"119",-0.0124045747167285,-0.0145882743397424,0.90386145514493,-1.80129743981925,1.76438667396895
"427",-0.0111591215224165,-0.0163060593180965,0.902893398384307,-1.79432772616127,1.78786151799595
"99",0.00230454875945112,0.00760091583978608,0.686934297354707,-1.35273926250025,1.36143404844165
"129",0.00304755153184548,0.00972474023053715,0.685389746598596,-1.32916841940409,1.37877112328162
"355",0.00391690016785603,-0.00280497380254441,0.904611510145871,-1.78229414838301,1.80060842783778
"403",0.00595772703662354,0.0112367616198072,1.00294544413064,-1.99706889133538,1.98251749016495
"246",0.00916120537575716,0.0153707162862672,0.775579610102682,-1.50923514297618,1.5723094971097
"426",0.0134749822332156,0.0169653925757948,0.772502439471436,-1.53256622787668,1.52780039980253
"460",0.0178185528812019,0.0137550920193379,0.602540542641725,-1.20010401967238,1.18566436210724
"167",0.0361362875803604,0.0376533910430173,1.02079878330341,-1.99377625659786,2.05899580711746
"199",0.0439235766892045,0.0409017497081875,0.476758726785378,-0.911862012423365,0.985584137513951
"521",0.0444752582730263,0.0394698762417233,0.477590602737982,-0.925625753753284,0.979512827235068
"107",0.0513038546865249,0.0482888909598466,0.474495816476227,-0.891407688716581,1.0072049531555
"128",0.0527556615844082,0.0535899101106128,0.876362665039853,-1.68365060300126,1.80217165649094
"440",0.056971125680448,0.0529751068507018,0.475064072170835,-0.871717302686069,1.02826892307563
"244",0.0595484398779042,0.0559505568213652,0.504740608581843,-0.933363025119123,1.06297457908466
"530",0.0599947017735181,0.0570474013558235,0.504006183902818,-0.942753452590633,1.04720389074811
"191",0.0609060236982363,0.0565660615745927,0.50531558660721,-0.941492736865046,1.05946796363759
"454",0.0694276984050417,0.0693010320652137,0.746937869687748,-1.42137004797814,1.53508976397149
"23",0.0743043228038988,0.0716105435615554,0.50407714494453,-0.924932198549055,1.06540696842458
"190",0.0743152226565175,0.067599590398498,0.481827079655929,-0.863452887930022,1.05349076714593
"363",0.0752931281776933,0.0715152998304396,0.825745154406043,-1.52701978167325,1.74826324991832
"73",0.0760075123490186,0.0728667808338558,0.503820263820962,-0.906739503354732,1.08817133163159
"224",0.0768674395859409,0.0726147952408242,1.19389772479353,-2.29138858516718,2.47346778982082
"46",0.0809297783835838,0.079815342363529,0.815203419159224,-1.50773420916863,1.73123655749073
"283",0.0834718207861541,0.0798854727836669,0.439652000819784,-0.807243235042928,0.944478975645685
"24",0.0837145269883047,0.0780141997045606,1.12952255150899,-2.18996651562249,2.31820871899361
"138",0.084392227204761,0.0792421860013157,0.458633887547721,-0.801087488616042,1.02804860148483
"8",0.0919953729269752,0.0950500681214591,0.717732249045214,-1.34500531959472,1.48742024678273
"63",0.0927358143170986,0.0832207845010651,0.710456844318107,-1.30897856149965,1.52635060602014
"320",0.0931876894389742,0.0871135000792277,1.12032257610834,-2.12704727670723,2.33887414250242
"330",0.0964388389919828,0.0955951259129538,1.1235648895633,-2.10897642040493,2.38664263176806
"414",0.0989088262709073,0.0960875326063451,0.7481739606162,-1.34754031190525,1.61422467638817
"542",0.0990105936690446,0.092055436022122,0.45714728094886,-0.821837865320091,1.00006350755943
"394",0.109381466938076,0.110609929155301,0.822958322627577,-1.532536260738,1.74009323119713
"42",0.111669200255464,0.0988261423879183,0.688750837293857,-1.20284649287446,1.52898446359122
"273",0.112796440932128,0.101600468934661,0.909873006444393,-1.68334023690325,1.90896601480929
"49",0.113833469213313,0.108603144539,0.823317334517052,-1.50522968935505,1.76805659068106
"75",0.122311525759192,0.145282240226069,0.764018605243654,-1.45904329710566,1.56188750791427
"255",0.129462636408128,0.119905841208638,0.450895050545181,-0.764511396163603,1.02079167853081
"415",0.129957167960691,0.131135324759082,0.705253991289064,-1.29995587751894,1.49675446801742
"398",0.130152890337945,0.132042176810728,0.70535825643937,-1.28447865510005,1.50934036341395
"438",0.135354585517065,0.1238278611104,0.820095420181689,-1.44601696064616,1.80401758564139
"16",0.142357075233514,0.13834955862144,1.08512402337821,-2.08891129673328,2.22308441178728
"324",0.14546297677832,0.138749062429981,0.818916328018655,-1.45942028421282,1.79619566374103
"436",0.152376802280359,0.145263754086116,0.895252153658038,-1.63659814918515,1.90580255179157
"447",0.154755943133555,0.144426951562712,1.38962192661075,-2.59722165560679,2.93679126326616
"419",0.154807951315904,0.143756523206664,1.38925217088589,-2.57733032155239,2.95632912577618
"425",0.15799579024416,0.146722529783665,0.440725335705385,-0.714972209999897,1.02773142528866
"145",0.160255569596111,0.154709600372689,0.748569698384879,-1.32123153404873,1.6311926810136
"65",0.160916954725965,0.149839268925233,0.442186008387527,-0.714203077789166,1.03874957116695
"262",0.161788982356417,0.159252064453188,1.26062757156576,-2.34276453436842,2.66212585371576
"223",0.167841659095147,0.156453700512512,0.439686238163124,-0.699192185880729,1.040293405857
"449",0.168444235186658,0.1526208193075,0.735186646756193,-1.26865998999215,1.64213363552707
"29",0.171824517675943,0.161014751389953,0.439436283445696,-0.711923177174238,1.02872332208403
"193",0.176745347025474,0.172666438619389,1.35217252676835,-2.46253088084028,2.92653376960589
"546",0.17895233233204,0.168144516312762,0.93073129894819,-1.62661294912511,2.05643122348837
"483",0.186493417628319,0.172308119446507,1.45382100929696,-2.65960959441402,3.14744152768986
"534",0.200710894514632,0.193598993948706,1.01027171981241,-1.79378379020278,2.21216866643894
"175",0.208178201210523,0.199686220444772,1.48070370334886,-2.74570435894646,3.15823880243631
"259",0.217853874983864,0.212444176819259,0.778101895672845,-1.30370142364655,1.78327165549434
"37",0.217957249983837,0.202203562427239,1.55874196154641,-2.7992384696616,3.4116150296674
"225",0.237405337590573,0.240655841197489,0.922466078366481,-1.60563665909139,2.0479885499398
"316",0.240113627973649,0.225839383483863,0.79071759175848,-1.30792544285018,1.81168211532727
"121",0.24042864285008,0.225834325945886,1.01572932742286,-1.75607814005143,2.26532669469006
"239",0.244260401878767,0.23267800801293,0.78792541118754,-1.29520733789458,1.81768244273777
"252",0.24599498239944,0.23820310705309,0.786276448447219,-1.3331192787893,1.78490076651293
"488",0.25274591722625,0.253927833673694,0.921738127284253,-1.56771394705997,2.09183156548803
"486",0.25308511632136,0.255977422620042,0.920505241570014,-1.58772894803856,2.06592981262096
"253",0.261127150731566,0.251685666417032,1.483578166591,-2.67243739818909,3.23237963661751
"276",0.268095624091827,0.275233475305854,1.23606621573352,-2.22241033239049,2.67948444717591
"301",0.284330549598853,0.285859044185253,0.921530766170674,-1.54896733331624,2.10318542279643
"110",0.285537148536972,0.294305492972954,1.23848002805486,-2.16237188377288,2.74334491882765
"183",0.28712043740035,0.274667825396425,0.738987587304008,-1.15584250740747,1.76699811179291
"343",0.292023026542022,0.283043862211942,1.45150172195766,-2.5920802383501,3.18710330546281
"136",0.292134836634453,0.286701418423146,1.45023856105204,-2.62217813778412,3.14606762687774
"266",0.292551792352687,0.281892041301712,1.45066011852475,-2.68916826950102,3.09902770223612
"156",0.292774068101955,0.284917209464331,1.45088079666637,-2.55937920602127,3.21014293016273
"144",0.293365224242182,0.28033728687793,1.44931975415524,-2.57754100718434,3.1771995712181
"202",0.293387775984431,0.286174948443086,1.44956776669132,-2.63917925101146,3.13644828634281
"404",0.293726355654177,0.283940845119149,1.45019028473266,-2.5600723149429,3.20759315556427
"439",0.294104539293895,0.28004376707773,1.44917949139425,-2.63259484038779,3.14423303794571
"89",0.320452916972821,0.319350640342265,0.922079859166118,-1.48213984469201,2.17466757285565
"331",0.322515521821773,0.338830517297862,0.787241361161172,-1.26839727595865,1.84495803055931
"334",0.324183284254801,0.32113039621903,0.916915203165573,-1.48783123349343,2.15286657535186
"382",0.325353275107999,0.324308940180314,0.919850117459271,-1.49480625500925,2.15918157707331
"120",0.330227528475336,0.317188130099157,0.756351332198814,-1.16279503127494,1.83417551263129
"176",0.331481338827668,0.339279061126142,0.750576577509702,-1.17573027461065,1.7922366484658
"98",0.36159644522186,0.343768028485673,0.799357261446857,-1.21602407350955,1.94909963576311
"12",0.369402317237631,0.367547335925589,1.23971084662331,-2.07642441485816,2.83356079623803
"274",0.372914172620371,0.369400638067968,0.932803422778372,-1.42888667906091,2.25451053445967
"468",0.377374921983973,0.355409675156518,0.808805311835705,-1.21000432923263,1.99036548751101
"284",0.380090105312383,0.3716889315094,0.911999069905265,-1.41604136806163,2.18079497859378
"108",0.385312072627271,0.367002425455266,0.790624164964081,-1.17780039256932,1.94683117498275
"328",0.385368827594023,0.372244947321137,0.701541457974371,-0.958705801318444,1.80840054192215
"329",0.390380235554249,0.367124544769922,0.797498915175014,-1.15795241189186,1.97990476580529
"66",0.396727152871537,0.380236056208303,0.783831860674865,-1.13504756294294,1.96669852765818
"201",0.399028458573648,0.399340510579904,0.858630665403806,-1.30153536986267,2.10094736113641
"400",0.411613471038955,0.395389401037765,0.702566838499063,-0.947816540831931,1.82109742218534
"216",0.417151017206955,0.390948441456902,0.835147796531832,-1.20644531030008,2.08654593789749
"476",0.424621869757039,0.408636738631812,0.766176470019779,-1.0573743315619,1.96757196096544
"192",0.42587461480611,0.419879888573239,0.935267590007899,-1.39582232877018,2.31550979293484
"336",0.429228862064982,0.40196833702814,1.02192894880536,-1.53145412661379,2.50277599166827
"424",0.42989557201827,0.411147531616325,0.765575681620374,-1.05554373763755,1.95978175282756
"506",0.43154107266443,0.41934442617234,0.915272219263759,-1.38897315569661,2.24428207478767
"227",0.434804877754377,0.427081002796806,0.929675761826261,-1.42792354289894,2.24981105498018
"106",0.436046666349604,0.427616389119765,0.930814143885996,-1.41739205579956,2.27117394003951
"220",0.448685988469798,0.433231636864025,0.695692645258161,-0.906271217880869,1.83561931467057
"531",0.449429774757543,0.439567783801176,0.922894219864454,-1.36959292578236,2.27738996289612
"164",0.453154010880032,0.438175876290412,0.916424955586056,-1.32784784004002,2.31396595320197
"133",0.454913923477686,0.445453133880968,0.90429972850077,-1.30055778539623,2.27084704819025
"540",0.467270065818054,0.445411159720198,0.637168065212766,-0.736176139374028,1.77273077050447
"188",0.480957594775306,0.469582461473824,0.933559424440295,-1.34468611072926,2.34826187624948
"296",0.488456074325683,0.491794408628938,0.797864068672105,-1.07324399932328,2.09184235425375
"155",0.500087679159702,0.489911986030836,0.910174015792709,-1.29872499413624,2.28389326809348
"148",0.50321175422412,0.486309103715458,0.683595728726758,-0.802136167883111,1.88883403563234
"236",0.50612203119939,0.488859338773448,0.683828130284613,-0.818222342482501,1.86908519674992
"541",0.508851240865777,0.491548404661511,0.984687961582694,-1.42099181626464,2.49023107247686
"272",0.526336394087898,0.501839305527493,0.717010754464885,-0.857444916473096,1.96791066822986
"177",0.527412931770638,0.509668968032078,0.944051444277954,-1.30355788019888,2.44461601968659
"469",0.540762716756422,0.524900152740767,0.929050045580185,-1.277098975217,2.41367578072244
"470",0.542416793305615,0.525917213636547,0.927129807559499,-1.28759844863079,2.38810442237266
"297",0.548290950190308,0.529572026210582,0.943483240006715,-1.35510740836977,2.37192001275705
"292",0.551054346114677,0.51583117937097,0.994900008894361,-1.33135430841185,2.56621633032381
"2",0.554668089602636,0.538502707130741,0.927341109875474,-1.2679373266772,2.3991215518169
"285",0.559733943967065,0.546226416731876,0.937155344591844,-1.28857935374882,2.4080067844871
"275",0.574600443115787,0.541943734037584,0.648070139846804,-0.64773824477268,1.8963394798327
"280",0.580962045490588,0.560573333487646,0.959262912099812,-1.33105545508038,2.45645803711723
"307",0.583825917354172,0.55338581283544,0.649209540466732,-0.656922853487464,1.89906360465986
"512",0.602350774104622,0.58889933086955,0.907427187032377,-1.19736557438459,2.37259228461945
"281",0.612382489570064,0.588153083207175,0.957187369387831,-1.28428688932722,2.49917031861517
"117",0.618593815708495,0.594665575346802,0.71106665832556,-0.75345769102374,2.04638788719937
"159",0.633998199250339,0.613183604542241,0.933559564469065,-1.15320178709954,2.55409842944141
"366",0.638619759565534,0.620349837300293,0.895303334528394,-1.09112299795538,2.42776075525297
"230",0.639180051446373,0.631462818996595,0.767493560237995,-0.8545074372295,2.18055263155731
"93",0.645219506391237,0.63771499167598,0.770057819503758,-0.860130753826667,2.17961434929148
"351",0.647336881192108,0.625141747777191,0.932424216387555,-1.18427851252331,2.50990092786795
"3",0.650443754456732,0.620625261064078,1.24750515492134,-1.82925733168582,3.10434530768262
"134",0.653312260388014,0.625242628427323,1.24878880990314,-1.77818304393273,3.17322152698111
"95",0.666321815867881,0.645443995149146,1.0572131550384,-1.3686952429205,2.77957910689812
"388",0.675364346887155,0.654149637556718,1.25919779084599,-1.8105008080786,3.17145154242706
"32",0.684685982243568,0.654370765555997,0.976650189651971,-1.19133666812153,2.69425711454909
"457",0.713281896465834,0.699979919934593,0.79590186145927,-0.824721377958014,2.3230669121842
"35",0.759589291572022,0.731900204271341,0.833923147168204,-0.849794858042771,2.42109165964699
"187",0.760242735680956,0.731935224799597,0.942332495639067,-1.05110745949475,2.67270052045409
"229",0.781188860615142,0.753613882974846,0.834701046787847,-0.849998190203874,2.4261823809282
"370",0.816788605658927,0.786813363555978,1.27445916683523,-1.66014078562779,3.37198169127804
"19",0.826492960055995,0.818643281370132,0.79308982544302,-0.712520810927784,2.42906093967823
"158",0.834961015168001,0.798607920783823,1.26049055781816,-1.64738304186085,3.33615941360495
"263",0.835275001976667,0.791968925622946,1.16510286863851,-1.37942408797651,3.1900800792961
"31",0.850128529154763,0.812303659968467,0.946461497118908,-0.95210995744259,2.78008680770317
"313",0.861067701269422,0.839854758078301,0.77194005045499,-0.637970092887679,2.40581116478341
"56",0.861722183441789,0.843125257468061,0.624129056439528,-0.326733384710509,2.11142451224217
"435",0.873495752361068,0.856241317660668,0.62137478686443,-0.307497401940748,2.1189578365728
"82",0.878130957424035,0.85617693773132,1.24666218361459,-1.58156779726263,3.35728273383536
"189",0.87873960449188,0.857690014101722,0.626916159564616,-0.329569728570868,2.12887417818912
"408",0.882328308980627,0.834352659954815,1.02775039557863,-1.03426626712142,2.99283309522854
"416",0.883953497815612,0.86239771339978,0.627481293421197,-0.318549385995795,2.13478128142208
"489",0.884984023486325,0.86567000156477,0.626943356643979,-0.326750513779866,2.13116804804246
"217",0.885938401387664,0.866715300634965,0.631326972907073,-0.325423672967701,2.14631133048466
"213",0.886033868688186,0.866945729764093,0.628851410308481,-0.322708610647071,2.14321114189065
"393",0.889493977873308,0.870197102442082,0.623058580827604,-0.281494696324822,2.15713605861977
"54",0.890234217598466,0.871714128754901,0.623647992839453,-0.33177071562915,2.10691841021161
"90",0.890588849705696,0.871839945303645,0.623901770702751,-0.300445946968211,2.14182159591153
"462",0.903549623968331,0.874583038335003,0.95753540909519,-0.917042716911183,2.85838097152667
"380",0.909987230825721,0.881402866470237,0.957739026169638,-0.931958718004405,2.84103071150717
"451",0.912485938565537,0.883898484992157,0.960504265559659,-0.944094213095053,2.83829475088148
"72",0.914888607231087,0.896916059954838,0.630478628364339,-0.29822880150887,2.15592743021581
"487",0.921424257567197,0.902873667691555,0.791354899452836,-0.62124976697985,2.51257884914211
"492",0.992028328825412,0.961959205274404,1.28416558200015,-1.42305684487089,3.66237724609068
"126",1.01097468790727,0.998193391086457,0.613773496529094,-0.158946010488811,2.25079835351649
"504",1.01938216964624,1.00547432053963,0.613495883816488,-0.18237718608927,2.2270148181413
"310",1.02107884413611,1.00640127428533,0.611600229383172,-0.163713591771601,2.24234190530358
"543",1.02284992871557,1.00781404675832,0.612553926726586,-0.172175009090935,2.22767246421576
"386",1.02934561694737,1.0128470770133,0.768032406514619,-0.472146467233706,2.55821361739868
"375",1.03131553846511,1.01434293870409,0.641600059904132,-0.214533395554852,2.31006359139323
"490",1.03211119299468,1.01559669240147,0.640857325814105,-0.212725394950406,2.30595031827385
"448",1.03239021967465,1.01640754618856,0.64030991325382,-0.223551139785146,2.28888592601953
"137",1.03277938863927,0.983882494110999,1.32511233871843,-1.49535835459151,3.74939969322116
"33",1.04348537291137,1.02428367930393,0.768092721244017,-0.478835207780057,2.55258785013571
"125",1.04910696753977,1.03402453008494,0.623396818954619,-0.179301027865794,2.27360177153742
"399",1.052888591031,1.03898658271905,0.614469511975681,-0.105027950255586,2.30643629209217
"466",1.05505203230851,1.03744888776132,0.615003057908419,-0.140363184079175,2.26821951550956
"413",1.05547740399985,1.04017604566077,0.621059746989724,-0.144826635997576,2.2996433140627
"174",1.05554830241331,1.04065948254586,0.616372763405868,-0.148088175719331,2.26883970174284
"10",1.08580593428653,1.06727766753011,0.618606286878819,-0.106576164248406,2.31751640311789
"57",1.10036806134067,1.06708542357536,0.848630107634202,-0.529658097872012,2.82181198049463
"365",1.10344877016123,1.065403299713,1.2591561880648,-1.37737325786694,3.61430215383195
"88",1.10656091592577,1.07945614887474,0.814070379284099,-0.501746834545891,2.70188785768595
"135",1.10974192143074,1.08379370570537,0.799206603184962,-0.424867978609349,2.7295603335872
"83",1.11924298809796,1.08696623048532,0.855289565256395,-0.511361999281472,2.87313013406197
"499",1.12341706744196,1.10497453683041,0.624499214869167,-0.0675515312312747,2.38171742054933
"233",1.13914287047714,1.10478603426904,0.857726653712077,-0.513388886286668,2.873853626471
"444",1.14247097874437,1.1191971900111,0.794338182255718,-0.395871085811845,2.73066717800766
"411",1.14581926606507,1.09512716768186,1.31560740256954,-1.41231120814827,3.77237254425217
"256",1.14620649321137,1.11415560766517,0.792788513176977,-0.404292370241639,2.70696583355852
"442",1.1463489625397,1.10966624120665,0.853832015146376,-0.503294760389989,2.86362419325129
"495",1.14846533585359,1.11236167569441,0.850916747793663,-0.477701904333216,2.88170698967764
"116",1.14859891787691,1.11134777336775,0.850352111592846,-0.490096611427827,2.864811227297
"205",1.15823905369012,1.13108296698853,0.799524899276012,-0.373999565976152,2.77764530408084
"412",1.15922460148945,1.10711039032786,1.31318438895578,-1.35698450998884,3.83204575567459
"92",1.19454493469888,1.15049482477697,1.26628540776977,-1.21124419493488,3.79416905597035
"142",1.21936026945256,1.18859008288836,0.799657512841832,-0.303354167134827,2.84864596653132
"508",1.22905668581531,1.20484511783392,0.778153888965476,-0.252510910459915,2.81756002190816
"311",1.27480463230682,1.24450911892916,0.781081861763787,-0.231687687759444,2.83274937858544
"347",1.36695200300393,1.33073617653187,0.821118949358405,-0.232363869436632,2.98294438131501
"539",1.38146800410628,1.33728044082681,0.836989857001239,-0.224807941648615,3.04981042661924
"317",2.21587282947102,2.13685992931317,1.29730224854797,-0.197746596426252,4.84340441771823
